model,roc_auc,pr_auc,precision,recall,f1,ks_statistic,brier_score
logistic_regression,0.8739949696944708,0.46357448704414167,0.48,0.45569620253164556,0.4675324675324675,0.6168,0.12691721291473643
xgboost,0.8712324248546571,0.44763922178956944,0.39285714285714285,0.5569620253164557,0.4607329842931937,0.6211,0.058019990968841986
random_forest,0.8654461990956446,0.35545816405594516,0.38738738738738737,0.5443037974683544,0.45263157894736844,0.5735,0.0606207602700744
